latitude,longitude,name
45.47624862966386,10.969952108908117,Nessun indizio qua!
45.445852104192234,10.958199070260514,Nessun indizio qua!
45.509085264276656,10.884196053919933,"Ritenta, sarai piu fortunato!"
45.49963427028465,11.013405090816919,Prova con un altro
45.36399453568356,10.868091273841882,"Ritenta, sarai piu fortunato!"
45.474133361206455,10.829827798592648,"Vuoto, nulla..."
45.536601638504436,11.051794433141163,Nessun indizio qua!
45.606703467989256,11.172671749212858,No no
45.55510476449364,11.041199766213577,Nessun indizio qua!
45.401454961728426,10.893635641677784,"Ritenta, sarai piu fortunato!"
45.565595660391125,11.109273094989412,Prova con un altro
45.54050643825513,10.786928007587763,Qua non c e un bel niente!
45.450506784497094,11.152688537866673,Qua non c e un bel niente!
45.47745985989923,10.857753146795963,Prova con un altro
45.49880574590656,10.918826670734834,"Vuoto, nulla..."
45.45695541511064,10.91116416742839,"Ritenta, sarai piu fortunato!"
45.43050025709734,11.063506478444419,Prova con un altro
45.39007654627974,10.958744506358856,Qua non c e un bel niente!
45.36936240544152,11.112645081481006,Qua non c e niente
45.468065450447575,10.930687048025446,Nessun indizio qua!
45.41965077881519,10.783998644860505,Qua non c e un bel niente!
45.48163622798573,11.122374571804851,"Vuoto, nulla..."
45.44585427268632,10.934874436463067,No no
45.480455915663164,10.962947760382558,No no
45.44230704653588,11.114124028322703,"Vuoto, nulla..."
45.459177314482965,10.949182536382247,Qua non c e un bel niente!
45.46930335905394,11.058484873116708,Nessun indizio qua!
45.414622674177686,11.021842391692731,Nessun indizio qua!
45.551686981291795,10.999763859541439,Prova con un altro
45.44563931959423,11.214146959478368,"Ritenta, sarai piu fortunato!"
45.416070135648724,10.976489092121609,Qua non c e niente
45.43623105103534,11.079316234167912,"Vuoto, nulla..."
45.4601956978225,11.042349719609856,Prova con un altro
45.33355254454194,10.910156642583017,No no
45.447788234691366,10.984594047202648,No no
45.50692809162409,10.913413482740618,Qua non c e un bel niente!
45.364277918410394,11.090727451924712,"Ritenta, sarai piu fortunato!"
45.570057129442255,11.136709782022352,Qua non c e un bel niente!
45.47238981371151,11.074877930098557,Qua non c e niente
45.38507050775729,11.059251036426259,Prova con un altro
45.48515202728312,10.960983974780342,Qua non c e un bel niente!
45.55355571876294,10.925533717900693,"Vuoto, nulla..."
45.449453427309635,10.957452419906213,"Vuoto, nulla..."
45.526989265470824,10.863545190317161,Qua non c e niente
45.58276843707704,10.938158696568982,Prova con un altro
45.4597010349147,11.01398028025956,"Vuoto, nulla..."
45.525087888165196,10.892696188152383,"Vuoto, nulla..."
45.37758884065207,11.099523936508998,"Ritenta, sarai piu fortunato!"
45.36024183808287,10.887397579096302,Nessun indizio qua!
45.35218561234328,10.957387789290907,"Vuoto, nulla..."
45.42657695795093,11.096340194223707,No no
45.48276225488143,10.879757409274568,Nessun indizio qua!
45.426160553739955,11.011067193754934,Nessun indizio qua!
45.48394190258001,10.919528456593836,"Ritenta, sarai piu fortunato!"
45.465608757418885,10.953969069831624,Qua non c e un bel niente!
45.4204980076605,10.801489860937986,"Vuoto, nulla..."
45.47894641863671,11.001628775622452,Nessun indizio qua!
45.397421005671234,10.934720045938228,Qua non c e niente
45.436735852588086,10.91573992811919,Qua non c e un bel niente!
45.46376355116906,10.880821665644708,Prova con un altro
45.414284502666234,11.122501605727368,Qua non c e un bel niente!
45.44287352031773,11.057502998088093,No no
45.28977165683383,10.935235310042652,Qua non c e niente
45.46200536118395,10.915140944669114,Nessun indizio qua!
45.5001742207167,11.029093634369916,"Ritenta, sarai piu fortunato!"
45.35400871174029,10.742846086024581,Prova con un altro
45.520037279064255,10.965987584147596,"Ritenta, sarai piu fortunato!"
45.478592766352655,10.958265973080143,"Ritenta, sarai piu fortunato!"
45.44093811075466,10.965558700046413,"Vuoto, nulla..."
45.55737415436558,10.987779864926674,Qua non c e un bel niente!
45.42866875034679,10.991577290738226,Qua non c e niente
45.39108043107921,10.963383241104063,Qua non c e un bel niente!
45.50405247122319,11.105619937384422,Nessun indizio qua!
45.429193364301376,10.959866894110572,Nessun indizio qua!
45.51243441486853,10.983181685360167,Qua non c e niente
45.38810391969475,11.102547570888758,"Vuoto, nulla..."
45.44989492876019,10.953816449413015,Qua non c e un bel niente!
45.38776148964251,11.01027901051879,Qua non c e un bel niente!
45.45892766741853,11.007043564204405,Qua non c e niente
45.46296192703921,10.94159699053965,Nessun indizio qua!
45.470200661532296,11.014270292397216,"Ritenta, sarai piu fortunato!"
45.46233560699635,10.997724185095082,Nessun indizio qua!
45.44278252254792,11.01034209058043,No no
45.5579012851349,10.889785869756842,"Vuoto, nulla..."
45.41194320078803,11.063772476198727,No no
45.526659385539496,10.816221167932206,Prova con un altro
45.552254588908944,10.907340332960747,Qua non c e un bel niente!
45.45072482332166,10.983769520213807,"Ritenta, sarai piu fortunato!"
45.58074423803664,11.04812939845893,Qua non c e niente
45.421994008385845,10.937972883339334,"Ritenta, sarai piu fortunato!"
45.443035326337736,10.98813837511113,Prova con un altro
45.37564437828502,10.777839739135263,No no
45.481264598183984,10.901648823672467,No no
45.51603297002316,10.941232128902337,Qua non c e un bel niente!
45.505466840175174,10.935057989854146,Nessun indizio qua!
45.50526106347643,10.98237199573361,Prova con un altro
45.61661271906736,10.952571520766334,Nessun indizio qua!
45.450093740374705,10.950638321685828,Qua non c e un bel niente!
45.324356848555205,10.76010807903256,"Ritenta, sarai piu fortunato!"
45.45962345908591,10.990545263812816,Qua non c e un bel niente!
45.34741656454695,10.96589967297566,Qua non c e niente
45.30476710574619,11.065596016259503,Qua non c e niente
45.35973043518151,11.066140138418733,Prova con un altro
45.449946342169426,10.957879932327671,Nessun indizio qua!
45.516890066724336,10.906187398744404,Nessun indizio qua!
45.34526857260254,11.10397108576524,Qua non c e un bel niente!
45.49562403340922,11.001586978919795,"Ritenta, sarai piu fortunato!"
45.405056788094534,10.71944755625047,Qua non c e un bel niente!
45.500921453209905,10.944370585995316,Nessun indizio qua!
45.33893060833799,11.078273496770098,"Vuoto, nulla..."
45.467070048453735,10.969210283355487,Qua non c e niente
45.45915778566368,10.972549606732898,Nessun indizio qua!
45.52729246529016,10.967287527405329,Qua non c e niente
45.51158931608957,10.804491045934743,"Vuoto, nulla..."
45.543184027601264,10.751624188065108,"Ritenta, sarai piu fortunato!"
45.3570326610659,11.122805819049445,"Ritenta, sarai piu fortunato!"
45.53259206923131,10.933235941003296,Prova con un altro
45.40126824498949,10.989677782454212,Prova con un altro
45.67101001445008,11.133048088814432,No no
45.32303647755746,10.933764647217101,"Ritenta, sarai piu fortunato!"
45.460211055522514,10.954811185250612,No no
45.44800792980537,11.13998508333201,Qua non c e un bel niente!
45.43792613736335,10.9403776452636,Qua non c e un bel niente!
45.613452877780304,10.884245642603528,Nessun indizio qua!
45.44419322655325,10.962632105580866,Prova con un altro
45.38992625119371,10.847474362670738,"Vuoto, nulla..."
45.38529110853939,10.89850825530453,Prova con un altro
45.56527152638746,11.019974666614948,Nessun indizio qua!
45.4446708063925,11.034168856195278,Qua non c e un bel niente!
45.37732241147081,11.132948320622459,"Ritenta, sarai piu fortunato!"
45.4375865105987,10.947304538783662,"Vuoto, nulla..."
45.482669236174985,11.030454979220137,Nessun indizio qua!
45.428860106669916,10.974096384104467,Nessun indizio qua!
45.427422121588926,10.855185402466619,Qua non c e un bel niente!
45.48281206829601,11.027310078900117,Nessun indizio qua!
45.44184631319724,10.746977857534548,"Ritenta, sarai piu fortunato!"
45.44622665972718,10.970219908391579,Nessun indizio qua!
45.44910835740793,10.957084387387104,Nessun indizio qua!
45.43448181663457,10.898461979453788,No no
45.42103497305701,10.919779200034368,"Ritenta, sarai piu fortunato!"
45.4913923741005,10.897515697459427,"Ritenta, sarai piu fortunato!"
45.28755016712818,10.893955687361043,Qua non c e un bel niente!
45.367138073973976,11.123374290692137,Prova con un altro
45.450257305379985,10.995821567584414,Nessun indizio qua!
45.4042122207013,10.994815865721723,Qua non c e niente
45.46955057582709,11.072130038563879,Nessun indizio qua!
45.45902445370585,11.070522535825265,No no
45.46857419514583,10.75217372312859,Qua non c e niente
45.51473096667836,10.779173198759143,Qua non c e un bel niente!
45.34394283261119,10.919235222970528,"Ritenta, sarai piu fortunato!"
45.485537888748944,10.892034520242907,"Ritenta, sarai piu fortunato!"
45.44035620556812,11.012505463901162,No no
45.381211268648514,10.88843168387874,Nessun indizio qua!
45.44475672471207,10.95611820739502,Prova con un altro
45.45386303292717,10.954404846463671,Qua non c e un bel niente!
45.42752538360263,10.76603775272305,Qua non c e un bel niente!
45.3731171143668,10.952387699296668,"Ritenta, sarai piu fortunato!"
45.50769135716119,10.930644007699849,"Ritenta, sarai piu fortunato!"
45.52090886289356,10.917319389168714,No no
45.55863791004908,11.011158102559602,Nessun indizio qua!
45.45750786185165,11.083330567100132,Nessun indizio qua!
45.55534396828404,10.83582252970977,"Vuoto, nulla..."
45.41311406179093,11.001394921066218,"Ritenta, sarai piu fortunato!"
45.48202599899768,11.042173400025538,"Vuoto, nulla..."
45.58117063762811,11.072438875318905,"Vuoto, nulla..."
45.37637399953866,10.921466663135018,Prova con un altro
45.474514899018565,10.940189178228238,Qua non c e niente
45.44749000748483,10.955773747489964,Qua non c e niente
45.55074648405751,10.77108834096178,Prova con un altro
45.45402698239439,10.940081266277042,Prova con un altro
45.53759030211694,11.148466187509047,No no
45.41762462943084,10.984905196701133,"Ritenta, sarai piu fortunato!"
45.49624810366027,11.112624185863208,Prova con un altro
45.53839020659879,10.83876864732813,"Vuoto, nulla..."
45.296182996547856,10.915157336109072,Nessun indizio qua!
45.44235621772491,10.955308810229612,Qua non c e niente
45.438770868500626,10.948384614005747,"Vuoto, nulla..."
45.3581018930634,11.018840248311145,"Vuoto, nulla..."
45.38371137385755,11.060241883794154,No no
45.419484388802715,10.80888486616607,Nessun indizio qua!
45.44924290570949,10.972550507510244,Nessun indizio qua!
45.403276430466434,11.135839967848193,Nessun indizio qua!
45.51135530767162,11.016178252396681,"Vuoto, nulla..."
45.56038962219231,11.098608873374024,Prova con un altro
45.39805878802414,10.808445738475069,Qua non c e un bel niente!
45.50749427557194,11.065004357431532,Nessun indizio qua!
45.52985688746095,10.976840108696424,"Ritenta, sarai piu fortunato!"
45.42439920309341,10.857371247277475,"Vuoto, nulla..."
45.46706555240423,11.030759019904156,No no
45.407520824764795,10.871676311761727,Qua non c e niente
45.4439164651937,10.979863445138047,Qua non c e niente
45.463837707224464,10.86745866016548,"Vuoto, nulla..."
45.474620431264185,10.893400191949087,"Ritenta, sarai piu fortunato!"
45.44567320445052,10.916789216665427,No no
45.435273170402084,10.927180410467258,"Ritenta, sarai piu fortunato!"
45.461475496686056,11.15848228546052,Prova con un altro
45.42175698089119,11.013652562755421,Prova con un altro
45.44684190665071,10.997255458827912,"Vuoto, nulla..."
45.30535348664477,10.969445202239212,"Ritenta, sarai piu fortunato!"
45.52033362596341,10.870796785877262,"Ritenta, sarai piu fortunato!"
45.40867130382717,10.978520658056606,No no
45.53312656340452,10.856129537292281,"Ritenta, sarai piu fortunato!"
45.45980396046427,11.094895228289776,"Vuoto, nulla..."
45.35355099166347,11.017319744570468,"Vuoto, nulla..."
45.43985120943905,10.901955702030184,"Ritenta, sarai piu fortunato!"
45.385550718737605,11.046726410922046,No no
45.54491355328945,11.018848667019506,Qua non c e un bel niente!
45.547314162174374,10.787609353675087,No no
45.57862466136685,10.940801809434888,Nessun indizio qua!
45.46489953232561,10.987650803740696,"Ritenta, sarai piu fortunato!"
45.44907310592221,10.960498950930104,"Vuoto, nulla..."
45.44114108380354,10.932674504592333,"Vuoto, nulla..."
45.447542458139466,11.000299445369478,No no
45.495673095193986,10.934674988207838,"Vuoto, nulla..."
45.38538746336521,10.984935861813712,Qua non c e niente
45.407201027159545,11.057952048162349,Qua non c e niente
45.49205971861984,10.905261765076418,"Vuoto, nulla..."
45.32804250910818,10.858200295308883,"Ritenta, sarai piu fortunato!"
45.43458880221468,10.930944022403173,"Ritenta, sarai piu fortunato!"
45.41162919581935,10.953582463204718,Qua non c e niente
45.44941730926333,10.9604055809146,"Vuoto, nulla..."
45.61979774325791,11.091847546489062,Nessun indizio qua!
45.47166610662812,11.101693914679364,Qua non c e un bel niente!
45.50621504069904,11.073551689233593,Nessun indizio qua!
45.41479381190889,10.6947665541775,Qua non c e niente
45.38433487341856,11.148500629380742,Qua non c e niente
45.43301941484642,10.943586046859622,Qua non c e niente
45.36117499300607,10.865016827148809,Nessun indizio qua!
45.435590365333105,10.808879403418366,Prova con un altro
45.57886542820003,10.927909090507423,"Vuoto, nulla..."
45.41842580375087,11.068631248372679,Qua non c e niente
45.391757322022556,10.868742418112996,Nessun indizio qua!
45.47635091349542,11.114523146423622,"Vuoto, nulla..."
45.58786768349523,10.976164703221775,Qua non c e un bel niente!
45.41890184076311,10.916643112232222,Qua non c e niente
45.49349204740995,11.08827480598553,Prova con un altro
45.4527870750148,10.961112044894119,"Vuoto, nulla..."
45.461077606726874,11.013058714884203,Nessun indizio qua!
45.40351811566307,11.20193963105233,"Vuoto, nulla..."
45.4468971304847,11.118414612873039,"Ritenta, sarai piu fortunato!"
45.44835099312054,10.883825655558082,Qua non c e un bel niente!
45.554112284093755,11.078444845018506,"Vuoto, nulla..."
45.40336666770255,11.06847820295265,"Ritenta, sarai piu fortunato!"
45.37670381829854,10.958958947670487,"Ritenta, sarai piu fortunato!"
45.537716603383814,10.93659121743557,"Ritenta, sarai piu fortunato!"
45.43787723396264,11.032970693623172,Qua non c e un bel niente!
45.47099470447096,10.887405673413946,"Ritenta, sarai piu fortunato!"
45.542258700914665,10.90218108874502,No no
45.44267814463042,10.981483444776332,No no
45.42614450380334,11.005301125809133,Qua non c e niente
45.47901195403421,10.984739076421734,Prova con un altro
45.56955238251619,10.851814364750268,No no
45.30929765464148,11.087642254735647,"Vuoto, nulla..."
45.507943637824916,11.058309310842471,No no
45.55732389813606,10.943728892266947,Qua non c e un bel niente!
45.450993587615464,10.936710163895816,"Vuoto, nulla..."
45.47058137957275,10.982920164854644,Qua non c e un bel niente!
45.42888135627066,10.89981683178613,Prova con un altro
45.38988139044671,11.104185664638777,Qua non c e un bel niente!
45.34839329694761,10.829694604698973,"Ritenta, sarai piu fortunato!"
45.54133618851471,10.870883018852268,Nessun indizio qua!
45.354112207793854,11.069009071873325,Nessun indizio qua!
45.46301807495808,11.003306473907632,No no
45.34748732070134,10.871476429007831,Qua non c e un bel niente!
45.48643065481628,11.021904360665602,Qua non c e un bel niente!
45.50271678270277,11.00027092728447,"Ritenta, sarai piu fortunato!"
45.534060092666245,10.960880928229844,Nessun indizio qua!
45.38726263824536,11.065886013444675,No no
45.39729979577362,11.061761251924949,Nessun indizio qua!
45.47096711192944,11.018152483903359,Qua non c e un bel niente!
45.3188685316814,10.82000924445289,Qua non c e niente
45.55771398485398,10.980565056146224,"Ritenta, sarai piu fortunato!"
45.347694480392356,10.973351416446055,"Vuoto, nulla..."
45.352148646265455,11.038642382875299,Qua non c e niente
45.44820598917087,11.0960745979936,Qua non c e un bel niente!
45.43812715390851,10.972487370589004,Nessun indizio qua!
45.33871714811756,10.861539620248546,Nessun indizio qua!
45.403191102334354,10.9577722400468,"Vuoto, nulla..."
45.412024021143395,10.942146218516536,Prova con un altro
45.32573944523852,11.022755737562122,No no
45.48361527341108,10.853962070769894,Qua non c e un bel niente!
45.44888236528853,10.982804436522276,No no
45.46527906333542,11.005493129847867,"Vuoto, nulla..."
45.35430914660025,10.741546107668057,Qua non c e un bel niente!
45.38404523806774,10.954861496895802,Qua non c e niente
45.27129749167381,11.186398479605787,Qua non c e niente
45.39943261360955,10.978683648698192,"Ritenta, sarai piu fortunato!"
45.42123048558313,11.044747291800137,Nessun indizio qua!
45.59786866601232,10.95675041987472,"Ritenta, sarai piu fortunato!"
45.42545880806776,10.944061706173013,Qua non c e un bel niente!
45.33768366837595,11.017672559006984,Qua non c e un bel niente!
45.597397652618795,10.849995027331188,Nessun indizio qua!
45.4167700334074,11.036633824863333,"Vuoto, nulla..."
45.525216872834505,11.001543951041766,No no
45.51645936101572,10.865351529901657,"Vuoto, nulla..."
45.28899010549641,10.942941528340372,No no
45.50515591497251,10.984397984261214,Qua non c e un bel niente!
45.596508533328716,10.876178025000415,No no
45.348018368078144,11.163424954996701,Qua non c e niente
45.46149449694382,10.94711564366392,Nessun indizio qua!
45.45145655578446,10.955424706381502,Prova con un altro
45.48385528265884,11.122930221960223,"Vuoto, nulla..."
45.424063733659175,11.181164944745607,"Ritenta, sarai piu fortunato!"
45.41959302759369,10.971607970689691,Qua non c e un bel niente!
45.38177988055367,11.074673267570374,No no
45.51206457076434,10.865630622291231,No no
45.47068016103834,10.947405965695694,Qua non c e niente
45.41864551401034,10.72801464342124,Qua non c e un bel niente!
45.53178228007765,10.869663464817613,"Vuoto, nulla..."
45.5849690343887,10.910005383182181,Nessun indizio qua!
45.34215507454985,11.092084624613033,Nessun indizio qua!
45.356687497825256,11.089385756386969,Prova con un altro
45.440902789957406,10.960790357399363,Qua non c e niente
45.335528409368415,10.996528995444013,"Vuoto, nulla..."
45.442090427304386,10.956915196220427,Qua non c e niente
45.436371959008035,11.110064010181695,"Vuoto, nulla..."
45.44059861868909,10.837371441525919,"Vuoto, nulla..."
45.344925292934185,11.040846023034522,Qua non c e niente
45.55513419816733,11.04790159271317,Qua non c e niente
45.44724028694844,10.9175243365028,Nessun indizio qua!
45.442085380486894,10.953573146218636,Nessun indizio qua!
45.37960523659251,11.304123068103454,Qua non c e niente
45.42293316978831,10.872275417901065,Prova con un altro
45.357022140933296,10.902165604183857,Nessun indizio qua!
45.299692744651274,10.910108664991522,Qua non c e niente
45.46403224543774,11.02476915462079,"Ritenta, sarai piu fortunato!"
45.38399445679048,10.998500094836682,No no
45.54741372945611,10.938082182080988,Qua non c e un bel niente!
45.58700872510101,10.805583915895035,Qua non c e un bel niente!
45.41457763728017,11.001605085072267,Nessun indizio qua!
45.54365673471676,10.909304254583294,Nessun indizio qua!
45.54821234578331,11.105224089005482,Qua non c e niente
45.37603330858831,11.023135353093439,"Vuoto, nulla..."
45.4432863099101,10.949466007716506,"Vuoto, nulla..."
45.55981606606571,10.842489000224287,Nessun indizio qua!
45.54356510016215,10.895308857736676,"Vuoto, nulla..."
45.464568449236715,10.94430445141903,Qua non c e niente
45.48912620889882,10.973420713010158,Nessun indizio qua!
45.45003576408402,10.956888763912486,No no
45.38241982802654,10.851361485145535,Qua non c e niente
45.42572536681003,10.991562428387022,"Ritenta, sarai piu fortunato!"
45.479067231200105,11.001578273028631,Nessun indizio qua!
45.456865990631336,10.97725529360772,No no
45.395556903123854,11.09412041509707,Qua non c e un bel niente!
45.4554295023265,10.975289393220487,Prova con un altro
45.49973456501557,11.076137764408312,Nessun indizio qua!
45.486462100564864,10.920751660058913,Nessun indizio qua!
45.48418005355408,10.895062295840388,Qua non c e niente
45.40743845355377,11.079543610288853,No no
45.45726999847441,10.940728741063523,No no
45.439645897330514,10.897409541279691,Qua non c e niente
45.42592215826544,10.96576770631463,Prova con un altro
45.504790119826716,10.983797550810992,Nessun indizio qua!
45.51359705755822,11.032293177694166,No no
45.45090973796368,10.934088648511782,"Vuoto, nulla..."
45.45041632489751,10.95678170596742,Prova con un altro
45.45421763838815,10.90384160637061,Nessun indizio qua!
45.44406713639721,10.93161674770529,Prova con un altro
45.461140479673944,10.820922561554793,No no
45.45787466634172,10.968091290384429,Nessun indizio qua!
45.464394427013225,11.066395370058851,No no
45.405159639400964,10.915152492813554,"Vuoto, nulla..."
45.38038906215698,10.90847499934986,"Vuoto, nulla..."
45.447012188272474,10.962452655769136,Prova con un altro
45.45162801072798,10.95995683283971,"Vuoto, nulla..."
45.36278558856908,11.202007017117182,Nessun indizio qua!
45.45471135877345,11.105662064019974,"Ritenta, sarai piu fortunato!"
45.40283022437851,11.033680784709103,No no
45.51017124378195,10.922805362273872,Qua non c e niente
45.519421659286024,11.004481193144018,No no
45.36556021851239,10.974584889110501,Nessun indizio qua!
45.44862798684505,10.961964161818297,Qua non c e un bel niente!
45.32247678555238,10.884846926142115,Prova con un altro
45.417021909222754,10.901504084777258,Qua non c e niente
45.44800958241815,11.022488566929816,"Ritenta, sarai piu fortunato!"
45.51759323384575,10.90999904787102,No no
45.406209752941606,10.887773951532429,Nessun indizio qua!
45.39247262782903,11.050377216423751,"Ritenta, sarai piu fortunato!"
45.42451422869659,10.892822883097292,Prova con un altro
45.45024043752528,10.952723864930942,Prova con un altro
45.40930816407437,11.03543698405305,"Ritenta, sarai piu fortunato!"
45.26791029450046,10.94763619871533,Prova con un altro
45.49305640077068,11.02905332670586,"Vuoto, nulla..."
45.44306702965721,11.066394919434979,Prova con un altro
45.383896270362946,11.025604358964296,"Vuoto, nulla..."
45.48561655894001,11.136237605907743,Nessun indizio qua!
45.503683458988576,10.992512727917296,Prova con un altro
45.504734362837254,10.972478070421152,"Vuoto, nulla..."
45.460685342893065,10.837274227515316,Qua non c e niente
45.395495622282915,11.038434966407362,Qua non c e niente
45.510335278881826,10.932671597727976,Nessun indizio qua!
45.50709809493943,11.12777909371164,Nessun indizio qua!
45.48719294754784,11.072378966424527,"Vuoto, nulla..."
45.464718712356536,10.977176497655218,No no
45.550427107418,10.956400001961285,Nessun indizio qua!
45.49380683453621,11.041387868566481,"Vuoto, nulla..."
45.33760308484543,10.795618066608002,"Ritenta, sarai piu fortunato!"
45.44514570121776,10.848515143780851,No no
45.506074866248134,11.050889318874185,Prova con un altro
45.45340236520792,10.978798862012583,Qua non c e un bel niente!
45.479179608693975,10.845762946894085,"Vuoto, nulla..."
45.448805491967306,10.975175765652216,Nessun indizio qua!
45.4007602404565,10.82524807450045,No no
45.42540052563736,11.093248641453798,Prova con un altro
45.5418283766147,10.819477262275855,"Ritenta, sarai piu fortunato!"
45.51031737228819,10.760630290119883,"Vuoto, nulla..."
45.453487111882886,10.951595153472528,"Vuoto, nulla..."
45.50180169886989,11.108514649094307,"Vuoto, nulla..."
45.34638845989445,10.812490562663184,Prova con un altro
45.38975377897161,11.045002230963817,"Ritenta, sarai piu fortunato!"
45.54143576399696,11.000357139336304,"Vuoto, nulla..."
45.47568011121545,10.781412755710493,Qua non c e un bel niente!
45.505394154376056,11.034250921497614,Nessun indizio qua!
45.50087758024385,11.051488325540971,Qua non c e un bel niente!
45.512108545476515,10.982196980579385,"Vuoto, nulla..."
45.46771216427093,10.995585204442374,"Ritenta, sarai piu fortunato!"
45.33831981725985,10.874578274181921,Nessun indizio qua!
45.403540717067564,10.795669229989542,Prova con un altro
45.4538290606735,11.09728286196823,Qua non c e niente
45.54849263893784,10.795110983535157,Qua non c e niente
45.447058976900784,10.823849984948017,No no
45.452168980053465,10.932939408269426,Qua non c e un bel niente!
45.426824115524624,10.8428252707985,Qua non c e un bel niente!
45.42770591312323,11.150994283247751,Qua non c e un bel niente!
45.45742849252806,10.952678844648336,"Vuoto, nulla..."
45.426808257816,11.022673655114037,Nessun indizio qua!
45.45315807173533,10.820178443472047,Qua non c e un bel niente!
45.27646183062128,10.93020994716352,Nessun indizio qua!
45.42313353852015,10.958398358803985,Qua non c e niente
45.35084681075265,10.759862621680668,Nessun indizio qua!
45.4480714495713,11.053998361223321,Nessun indizio qua!
45.38489029201897,10.896708949955254,No no
45.39025683665125,10.90151926166443,Qua non c e un bel niente!
45.55613119656371,10.904396281010179,Nessun indizio qua!
45.4069795759044,10.939781844444243,No no
45.52042627052377,11.051151315927045,"Vuoto, nulla..."
45.45960217919126,10.996093864117565,Nessun indizio qua!
45.45159193771293,10.952173546712844,Qua non c e niente
45.37880848623787,11.107404500918337,"Vuoto, nulla..."
45.27483015543346,10.883174202637926,"Ritenta, sarai piu fortunato!"
45.46753928997712,10.824612556789205,Qua non c e niente
45.413796736890646,10.776518192543847,"Ritenta, sarai piu fortunato!"
45.465060442856526,11.01293912705191,Qua non c e un bel niente!
45.45007210600503,10.950106724309377,"Vuoto, nulla..."
45.40706567115748,10.882793479239606,"Ritenta, sarai piu fortunato!"
45.481315092154894,11.0648797000357,"Ritenta, sarai piu fortunato!"
45.31406589034105,11.106119681904579,"Vuoto, nulla..."
45.425494567952164,10.96769603366513,Prova con un altro
45.493114584295235,10.830555324800955,"Ritenta, sarai piu fortunato!"
45.37695204730596,10.751162763452397,"Ritenta, sarai piu fortunato!"
45.434084520702285,10.870688202257025,Qua non c e un bel niente!
45.60900015730371,10.8767976871383,Qua non c e un bel niente!
45.37412604608197,10.975288460332346,No no
45.44583840168053,10.7529883488588,Qua non c e niente
45.493632133136735,10.97825647150629,Qua non c e un bel niente!
45.48416589829517,11.004926835086112,Qua non c e niente
45.49628954036798,11.090012198216577,Qua non c e niente
45.39027575033643,10.964511428652134,Qua non c e niente
45.446051474720704,10.908121539898158,Nessun indizio qua!
45.39315335649542,10.881287952021006,"Vuoto, nulla..."
45.498956218607994,11.045492869375106,Qua non c e un bel niente!
45.57268009877264,11.069759075241162,No no
45.47993813531876,11.17515149754338,Qua non c e niente
45.41906562283936,10.801961641086047,"Ritenta, sarai piu fortunato!"
45.54733423356702,11.071897640715427,No no
45.566949389582085,10.96767264705862,Qua non c e niente
45.32490785555056,11.141978607565697,Nessun indizio qua!
45.34680305207672,10.914729098676476,Qua non c e un bel niente!
45.58491171461905,11.08873170894486,Qua non c e niente
45.34905959502067,11.09662208026251,No no
45.33334751727199,10.87699028305118,"Ritenta, sarai piu fortunato!"
45.48705845725839,11.022607289952418,Qua non c e un bel niente!
45.4990726933724,10.965273455993543,Qua non c e niente
45.40473759121686,10.863967297501826,Qua non c e niente
45.4696972490305,10.866054885312739,Qua non c e un bel niente!
45.468921716128015,10.97235316680091,Qua non c e niente
45.43558644489668,10.994215070456468,"Ritenta, sarai piu fortunato!"
45.499960176832666,10.747682379979544,Nessun indizio qua!
45.51274197962122,10.72289142882641,Qua non c e niente
45.490098402419555,11.042910767059443,"Vuoto, nulla..."
45.393110599813745,11.01077716644622,"Ritenta, sarai piu fortunato!"
45.57365165314738,10.800833106778304,Prova con un altro
45.33153555634994,10.821012961165094,Prova con un altro
45.450675730281084,11.098646749836329,Nessun indizio qua!
45.44084604581166,10.967823816883019,"Vuoto, nulla..."
45.55847639854093,11.017567789248895,No no
45.47455426632749,11.11322721435653,Qua non c e un bel niente!
45.471053482882354,11.049091702453277,Nessun indizio qua!
45.4367481710632,11.000151065242541,Nessun indizio qua!
45.458016869396154,10.966317142770068,Prova con un altro
45.440003420932726,10.905269795571394,"Vuoto, nulla..."
45.597536058011606,10.949431436307117,Nessun indizio qua!
45.50441387374985,10.90564963588476,Qua non c e niente
45.48636654215673,11.078527807136744,"Ritenta, sarai piu fortunato!"
45.43550336822083,11.028699565936412,Nessun indizio qua!
45.41240676403338,11.167037334947679,"Ritenta, sarai piu fortunato!"
45.519471888445395,11.045210205291882,No no
45.3551387909014,11.005199909504551,Qua non c e un bel niente!
45.43774399024715,10.931149771988247,Qua non c e niente
45.441926679728944,10.936528704537793,No no
45.57717017518883,10.892529488770501,"Vuoto, nulla..."
45.48047064679685,10.917150962299246,Qua non c e un bel niente!
45.67189270296298,10.981292583234048,No no
45.38726131568604,11.02730734814813,"Ritenta, sarai piu fortunato!"
45.45924383265988,10.805303942281268,Nessun indizio qua!
45.424894707219714,10.911872711527556,No no
45.36872747819977,11.072031352444652,"Ritenta, sarai piu fortunato!"
45.45426304264024,11.074315001913444,"Vuoto, nulla..."
45.46518717967263,10.906141658722383,Prova con un altro
45.45230121732487,10.973963777004125,"Vuoto, nulla..."
45.59034409312447,11.011641173504955,Nessun indizio qua!
45.516069808434494,10.815492883079166,"Vuoto, nulla..."
45.39787153849008,10.819934947747399,No no
45.354711827665746,10.644904174258594,"Ritenta, sarai piu fortunato!"
45.4060708423283,10.955905847021958,Qua non c e un bel niente!
45.49623549338251,10.977187057058021,No no
45.48206928878441,10.803128549025958,"Ritenta, sarai piu fortunato!"
45.456459567812765,10.987033513402945,Qua non c e un bel niente!
45.51024079760153,11.18964597816397,No no
45.37616618113522,10.951255260941043,Nessun indizio qua!
45.39459408272585,10.999139725727558,"Ritenta, sarai piu fortunato!"
45.41956392839879,11.031912678122819,Prova con un altro
45.48747863043566,10.983749040679696,No no
45.41714608962461,11.015819930623122,"Vuoto, nulla..."
45.590010060284435,11.033090910848614,"Ritenta, sarai piu fortunato!"
45.35862363178032,10.891157294134622,Qua non c e un bel niente!
45.43826188801785,10.935317549550577,Qua non c e niente
45.43439723725913,10.961673142090774,No no
45.529311971879224,11.222562386755246,"Ritenta, sarai piu fortunato!"
45.331209374307115,11.030871870944713,Nessun indizio qua!
45.395877797816354,10.909406260876551,"Vuoto, nulla..."
45.460147976578796,11.04642195689527,"Vuoto, nulla..."
45.39063725725379,11.004730299021617,Qua non c e niente
45.52596849070781,10.945685851272946,Qua non c e un bel niente!
45.415024859711345,10.866283109825199,"Ritenta, sarai piu fortunato!"
45.43211215214794,11.051656971680215,Prova con un altro
45.458259016485535,11.089614151653082,No no
45.45375435068468,10.976768708597955,Qua non c e un bel niente!
45.453426698134514,10.967755735796286,Prova con un altro
45.47371235459496,11.057943126539293,Nessun indizio qua!
45.451602012184324,10.954660752484056,No no
45.46767524724527,10.84315140995979,"Vuoto, nulla..."
45.389656895209576,10.909751618678499,No no
45.53987627552299,10.998284253060534,No no
45.43018087104094,10.873888077133195,Qua non c e niente
45.41447341170329,10.888568394300183,"Ritenta, sarai piu fortunato!"
45.44177159761056,10.877533313915158,"Ritenta, sarai piu fortunato!"
45.44985234185758,10.957966642426221,"Vuoto, nulla..."
45.51195868086424,10.789091153599362,"Vuoto, nulla..."
45.418587366992185,11.118233265311076,No no
45.47911205440677,10.941153032866502,Nessun indizio qua!
45.36309380519113,10.847230171233736,Qua non c e niente
45.5341251568789,11.087837129899516,Nessun indizio qua!
45.48827959826008,11.028014597531238,Qua non c e un bel niente!
45.504582405509545,10.963021921542376,"Vuoto, nulla..."
45.42820999757761,10.997317827568311,Nessun indizio qua!
45.4705151383018,11.070383491024998,Qua non c e un bel niente!
45.43308391345133,10.986676518612894,Prova con un altro
45.53327832929456,11.004206057503927,"Ritenta, sarai piu fortunato!"
45.496945940546475,10.99067280865193,"Vuoto, nulla..."
45.476740462418114,11.078998148810072,Prova con un altro
45.37215424723514,10.992554188405524,Qua non c e niente
45.48530159311178,11.05159602419828,Qua non c e niente
45.507939755617265,10.98841151918129,"Vuoto, nulla..."
45.408738261703455,10.810911486062627,Nessun indizio qua!
45.43871771895129,11.023180189825487,"Ritenta, sarai piu fortunato!"
45.43086596998311,10.96672947042445,No no
45.51779478138316,10.826566148024604,"Vuoto, nulla..."
45.51293997682063,11.050500112610365,No no
45.39103438001801,11.221734461361017,"Ritenta, sarai piu fortunato!"
45.41920016550884,10.849029604249187,Nessun indizio qua!
45.438933623845394,10.846508630413814,"Vuoto, nulla..."
45.51615843493544,10.835952953247086,"Ritenta, sarai piu fortunato!"
45.49759628689856,11.064590287373603,Qua non c e niente
45.43279777084481,10.84029298117187,Prova con un altro
45.489217127235506,10.673314082991247,Qua non c e un bel niente!
45.26583319017835,11.071212729016416,"Vuoto, nulla..."
45.43797966605857,11.010571479822003,"Ritenta, sarai piu fortunato!"
45.43338181202178,11.250406953329081,"Ritenta, sarai piu fortunato!"
45.64837730026999,11.0968621928737,No no
45.45690589689124,10.996766870383624,Prova con un altro
45.34058707042481,10.996141113075378,Prova con un altro
45.376182574709745,10.928373841831132,"Ritenta, sarai piu fortunato!"
45.4929946126805,11.044096365505345,"Ritenta, sarai piu fortunato!"
45.447747002001385,10.882416256261285,Qua non c e niente
45.56878421295743,10.812111930264782,No no
45.56360437982352,11.107315511716271,Qua non c e un bel niente!
45.57389723801201,11.136196507715818,Qua non c e niente
45.49463898871147,10.809836228854929,"Ritenta, sarai piu fortunato!"
45.543033148150165,10.973804058167241,Qua non c e un bel niente!
45.471809823872874,10.951678960088088,Nessun indizio qua!
45.491699687785896,11.060535762149048,Qua non c e un bel niente!
45.35648875501053,11.080774080225742,Nessun indizio qua!
45.527526910673394,10.768272506408989,Prova con un altro
45.481834510711685,10.77544649021185,"Vuoto, nulla..."
45.37238287297053,10.956434796430273,Prova con un altro
45.52061302824646,10.993591961999158,Nessun indizio qua!
45.45095457747036,10.952842710738045,No no
45.355636968620345,10.870369300209722,Prova con un altro
45.49379055353013,11.03682264315074,Qua non c e un bel niente!
45.51993973367328,10.801061989357578,Nessun indizio qua!
45.42302366947921,10.93070196265465,Nessun indizio qua!
45.51976205623563,11.068535174825135,Qua non c e un bel niente!
45.41542424434911,11.000333382296121,Nessun indizio qua!
45.45853420188904,10.959252586818675,No no
45.39531018621811,11.071864188193464,"Ritenta, sarai piu fortunato!"
45.421057171779005,10.899162736644644,Qua non c e niente
45.52889555961496,11.103828175108506,No no
45.388911722224776,10.89454835055696,Nessun indizio qua!
45.51933601327966,11.18735877880315,Qua non c e un bel niente!
45.41097404672731,10.917489190312255,"Ritenta, sarai piu fortunato!"
45.526310759692706,10.98027389492676,"Vuoto, nulla..."
45.39973767319636,10.979359319022945,"Vuoto, nulla..."
45.42037125507856,10.941068564811568,No no
45.45381521344686,11.042794249966356,Prova con un altro
45.39332775396202,11.053305280596213,Qua non c e niente
45.50313566224726,10.945153751559445,Prova con un altro
45.43839023083083,11.031107817334592,Prova con un altro
45.5187629192154,11.05909505164968,"Vuoto, nulla..."
45.49067080201327,10.898880591388055,"Vuoto, nulla..."
45.429873764968775,10.878140078646737,Nessun indizio qua!
45.46515934107147,10.920869925181526,Qua non c e un bel niente!
45.45022363366476,10.900035961514847,"Ritenta, sarai piu fortunato!"
45.3793744398568,11.08000906529499,"Ritenta, sarai piu fortunato!"
45.506183478073744,10.913797451356277,"Vuoto, nulla..."
45.379299870923425,10.940362229096586,No no
45.43728094232419,10.995068151631092,Nessun indizio qua!
45.49645838845989,10.94855380968428,No no
45.45550154264453,11.017833680448158,Qua non c e niente
45.424047016752475,11.05519800794958,Nessun indizio qua!
45.371966122707676,10.875442393143718,"Ritenta, sarai piu fortunato!"
45.435155958711626,10.970967761578493,"Ritenta, sarai piu fortunato!"
45.352053127372116,10.957041211072088,"Vuoto, nulla..."
45.43754630107132,10.831961627285587,"Ritenta, sarai piu fortunato!"
45.33281756661536,11.129570478261927,Prova con un altro
45.49046483765902,11.004711464698834,Nessun indizio qua!
45.54138587710841,10.6729085455696,Prova con un altro
45.55000781779091,10.923617812995392,Qua non c e niente
45.43887982586692,10.878133234483737,"Ritenta, sarai piu fortunato!"
45.37569271785441,10.918450243488087,"Vuoto, nulla..."
45.53257753001092,10.97737255016938,Prova con un altro
45.41286836092546,11.057581844444158,"Vuoto, nulla..."
45.58339936525084,11.113294485601926,"Ritenta, sarai piu fortunato!"
45.50709371100141,10.872983050091099,"Vuoto, nulla..."
45.50651715915645,10.904607489554268,No no
45.48947045025165,10.935997032959092,Qua non c e un bel niente!
45.43209027119261,11.122093443547724,Qua non c e un bel niente!
45.45610287713688,10.967049828180963,"Vuoto, nulla..."
45.465274765997904,10.967220709372272,Qua non c e niente
45.37153698056715,10.991388010843075,No no
45.36053321699294,10.850260587409473,"Vuoto, nulla..."
45.47770210328816,11.086424213266096,No no
45.38242614276586,10.876415734598982,No no
45.47436996754425,11.082948409277817,Qua non c e un bel niente!
45.33790433130246,10.934748248501075,"Vuoto, nulla..."
45.40212913147513,11.046002037179816,Qua non c e un bel niente!
45.46561823529125,10.919141899638557,Nessun indizio qua!
45.495359418696445,10.953310318681542,Qua non c e niente
45.489415600316285,11.04937553311161,"Ritenta, sarai piu fortunato!"
45.39671260753803,11.04609187715577,Qua non c e un bel niente!
45.45533837340951,11.079380241190925,No no
45.54005739519994,10.988700106246112,"Vuoto, nulla..."
45.40564245573373,10.933390605480051,"Vuoto, nulla..."
45.533209701254115,10.984152495042231,"Ritenta, sarai piu fortunato!"
45.45452795303667,10.959982126561712,Nessun indizio qua!
45.45681703587924,10.780811829848163,Qua non c e niente
45.42795831537431,10.985557943037465,Qua non c e un bel niente!
45.3622899406234,10.86400544358279,Qua non c e niente
45.39425011451206,10.951996128996482,"Vuoto, nulla..."
45.387115911453,10.942082144630914,Nessun indizio qua!
45.434918452366624,10.962838374137817,No no
45.45185717732381,10.984622911300864,"Vuoto, nulla..."
45.45009085745796,10.956364547891807,"Ritenta, sarai piu fortunato!"
45.37967540899755,10.835712511376578,"Vuoto, nulla..."
45.39517428503735,11.159928127438738,"Vuoto, nulla..."
45.53487376254067,11.098201266046107,Qua non c e niente
45.603751045403946,10.972969263128947,"Ritenta, sarai piu fortunato!"
45.49761525564179,10.864446022524215,Qua non c e niente
45.40346006333861,10.979827760899676,"Vuoto, nulla..."
45.424518758411494,10.917552043316144,"Vuoto, nulla..."
45.44766973954446,10.948217942503328,Qua non c e niente
45.46940417084229,11.044788518685833,Qua non c e un bel niente!
45.45622748981925,10.95930569197902,"Ritenta, sarai piu fortunato!"
45.44590667630289,10.95437087976848,Prova con un altro
45.538152229783336,10.997634763412167,Prova con un altro
45.44296345256576,10.983881101686787,"Ritenta, sarai piu fortunato!"
45.36039673961908,10.885381325555691,Qua non c e un bel niente!
45.63705619774555,11.031800610087497,"Vuoto, nulla..."
45.51310169010332,10.873955718432141,No no
45.3894253384788,11.085183050540376,Qua non c e un bel niente!
45.42696908817707,11.01157105690864,Qua non c e un bel niente!
45.35685108290414,10.967194070739884,Qua non c e un bel niente!
45.336779300917875,10.899520026723792,"Vuoto, nulla..."
45.450682226045004,10.864038571889743,"Vuoto, nulla..."
45.423885560833966,11.043366673484329,Qua non c e niente
45.4184578612146,11.078328337669088,Nessun indizio qua!
45.42655070487954,10.973587122570162,"Ritenta, sarai piu fortunato!"
45.324101515412906,11.022285879427333,Qua non c e niente
45.44247077242214,10.944635004187536,Qua non c e niente
45.40795162029065,10.927620013112877,"Vuoto, nulla..."
45.40433703350942,10.901225004865331,Qua non c e niente
45.384113602461824,11.009396099582597,Qua non c e un bel niente!
45.45524235628133,10.959117126435197,Nessun indizio qua!
45.37857188901271,10.932663882015817,No no
45.41848459859887,10.826198438632966,Qua non c e niente
45.433742998732576,10.870517244653001,No no
45.51657000109789,11.048188993154861,Nessun indizio qua!
45.45367019488851,10.925691453819969,No no
45.444900913924975,10.958071643801933,No no
45.400846110975074,10.92978105314994,Qua non c e un bel niente!
45.46356977851597,10.871965086186398,Qua non c e niente
45.50772792308486,10.98845069280942,"Ritenta, sarai piu fortunato!"
45.48610487030239,10.974769379245112,Qua non c e un bel niente!
45.46146089845646,10.96439900018332,Nessun indizio qua!
45.42289996782967,10.99611420483202,"Ritenta, sarai piu fortunato!"
45.4482679518735,10.914841922924131,Nessun indizio qua!
45.55515541024508,10.991512069241049,Qua non c e un bel niente!
45.39342042729499,10.839429008920566,No no
45.46799237160524,10.966652283296066,Nessun indizio qua!
45.56562454139201,10.928040862963721,Prova con un altro
45.437982878695976,10.869677673963208,Qua non c e niente
45.38004243188302,10.959414069367499,Nessun indizio qua!
45.604918769027506,10.845383321950656,Qua non c e un bel niente!
45.37602204223914,10.919181428105302,Qua non c e niente
45.44397408641338,11.001461857539374,Qua non c e niente
45.45027101645543,11.003793523623806,"Ritenta, sarai piu fortunato!"
45.426266240776826,11.122187712034982,Prova con un altro
45.34267120495107,11.086473455702146,Nessun indizio qua!
45.538577654926456,11.000747941243574,"Vuoto, nulla..."
45.41629532385583,10.969575755158969,Qua non c e niente
45.62120433814745,11.003712239169355,Nessun indizio qua!
45.600333726742896,10.98729937452746,Prova con un altro
45.50257580218391,11.127879433575075,No no
45.47087641868934,10.982250073025401,Nessun indizio qua!
45.4330996947392,10.917084133055285,Qua non c e un bel niente!
45.44966202240884,10.971380336876217,Qua non c e niente
45.48087129408288,11.04074073330428,"Vuoto, nulla..."
45.527504655689256,10.985616395783426,Qua non c e niente
45.45659241554008,10.913552623863882,Prova con un altro
45.40861863695957,10.756259387640373,"Ritenta, sarai piu fortunato!"
45.36235973984768,11.004921327781783,"Ritenta, sarai piu fortunato!"
45.43181918797868,11.00323527543911,Nessun indizio qua!
45.440184224839925,10.898674635669856,Qua non c e niente
45.464145990409925,10.972544992284323,Prova con un altro
45.46027596104186,10.778390955114654,Qua non c e niente
45.46065160560334,10.942586498396043,No no
45.443695649364564,11.086362730792327,"Ritenta, sarai piu fortunato!"
45.54088498026093,11.025945976955622,No no
45.339932484885324,11.084638255889205,Prova con un altro
45.429681043749824,10.915369445658337,"Vuoto, nulla..."
45.50448168901573,11.041908995568452,"Vuoto, nulla..."
45.50686160652962,10.80344784278556,Nessun indizio qua!
45.458324359366905,11.131750115638978,No no
45.390323371532226,10.749018485092579,"Vuoto, nulla..."
45.552802197517515,10.827521973303678,Qua non c e niente
45.416410165880514,11.062293701205446,Prova con un altro
45.48333299950846,11.09547460019355,No no
45.270932009492356,10.898960384191534,"Vuoto, nulla..."
45.49180203104754,11.005191101280026,Qua non c e niente
45.37149772623487,10.976557083099825,Prova con un altro
45.3673922321332,10.922949960885726,"Vuoto, nulla..."
45.4179289013774,10.951773008685814,No no
45.521534108138404,11.002704174757024,Nessun indizio qua!
45.33360862999801,11.04128342830942,"Vuoto, nulla..."
45.51978189252828,11.147626416064579,No no
45.37421665608391,10.821495181405034,"Ritenta, sarai piu fortunato!"
45.40181298625796,10.945128649981271,"Vuoto, nulla..."
45.405210229942874,11.060148217151843,Qua non c e niente
45.38116415119559,10.986825337037853,No no
45.61373016621693,11.098482130177446,Qua non c e un bel niente!
45.52223581872599,10.975837417209672,No no
45.376213224236395,10.998529470834132,Qua non c e un bel niente!
45.37301470656129,10.935576197867249,Qua non c e un bel niente!
45.43985902910408,10.915931618141583,No no
45.36551068150154,10.945624190544002,Nessun indizio qua!
45.478326736411475,10.945903829158649,Qua non c e un bel niente!
45.46201712190937,10.819707196659083,Nessun indizio qua!
45.6093881640674,10.912081210470038,Qua non c e un bel niente!
45.451439323486504,10.955273019886844,Qua non c e niente
45.55285817351329,11.168491875337047,"Ritenta, sarai piu fortunato!"
45.34883319611078,11.053717511670209,Prova con un altro
45.450223783746154,10.953626724406348,Nessun indizio qua!
45.36612728828614,10.889975915336231,Qua non c e niente
45.39125883373409,10.919599932138786,Qua non c e niente
45.643714805213236,10.918455560806574,Qua non c e niente
45.50663264540063,11.016250930562641,Qua non c e niente
45.50694997060433,10.8796297838292,"Vuoto, nulla..."
45.41528478114723,11.200079820307751,"Ritenta, sarai piu fortunato!"
45.44341943185588,10.935047203069589,No no
45.32845729519954,10.82268949262129,Qua non c e niente
45.53375015226619,10.984907495856714,"Vuoto, nulla..."
45.46672575682222,10.96150843017533,"Ritenta, sarai piu fortunato!"
45.46111146837425,10.828173650693175,No no
45.413684452722265,10.99579985895293,Prova con un altro
45.37001002023777,11.090745591565842,"Ritenta, sarai piu fortunato!"
45.410254834805215,10.944916249327195,"Ritenta, sarai piu fortunato!"
45.464979812229785,10.967823418711951,Qua non c e niente
45.45489711120366,10.939677699924115,Nessun indizio qua!
45.4116462105469,11.214313362837103,Nessun indizio qua!
45.33515264799462,10.93642280203184,No no
45.468906061466534,10.827814590217617,Prova con un altro
45.48036116518041,10.972284228784776,Qua non c e un bel niente!
45.3585222084746,10.994946123889832,"Vuoto, nulla..."
45.438182366694754,10.99481344863022,"Ritenta, sarai piu fortunato!"
45.37816431943471,10.879552116629112,"Vuoto, nulla..."
45.4358836546083,10.944243273791326,Qua non c e niente
45.3643156909736,10.974090163829048,Qua non c e niente
45.568697316860835,11.09467143965722,Qua non c e niente
45.43092538806851,10.88395978015505,Nessun indizio qua!
45.46239838398388,11.083073891956486,"Vuoto, nulla..."
45.319189937783094,10.880151306504741,"Ritenta, sarai piu fortunato!"
45.43357082528663,10.95024314051101,Prova con un altro
45.41856291377614,10.789000647283725,No no
45.39765844879428,11.05937875857657,"Ritenta, sarai piu fortunato!"
45.502271221005216,10.994447787607841,Qua non c e un bel niente!
45.57161176023549,10.881627279497204,No no
45.347139064241325,11.013255349560266,No no
45.333594703719115,10.958250005580181,"Vuoto, nulla..."
45.3782383483703,10.813285705956906,No no
45.52998445603339,10.793440826595925,"Ritenta, sarai piu fortunato!"
45.43889462397688,10.960120339921561,Nessun indizio qua!
45.50784069309999,10.879437592746124,Nessun indizio qua!
45.55073619180304,10.826531956319357,Qua non c e niente
45.40902613683357,11.049762279549022,"Vuoto, nulla..."
45.33718176489386,11.09860237093808,No no
45.46718631235363,11.053855221658448,"Ritenta, sarai piu fortunato!"
45.60056458332106,10.849521156913193,"Vuoto, nulla..."
45.46441234486116,10.948705880846681,Qua non c e un bel niente!
45.41181079276954,10.955826227365973,Prova con un altro
45.54423690424344,11.167170521298926,"Ritenta, sarai piu fortunato!"
45.58620273310369,11.006340909275913,"Ritenta, sarai piu fortunato!"
45.28491317387685,10.898707126559565,"Ritenta, sarai piu fortunato!"
45.46537449840241,11.00851278808514,Qua non c e niente
45.44327981607242,10.887760754908358,"Ritenta, sarai piu fortunato!"
45.53805086149417,10.869396700119031,"Ritenta, sarai piu fortunato!"
45.400885942413225,11.10767467959023,Nessun indizio qua!
45.44555840597713,10.989463733889608,Qua non c e niente
45.44990807723836,10.839584634669508,Qua non c e un bel niente!
45.563453208776586,11.04725960510891,Qua non c e niente
45.505309929444564,11.036503706970127,Prova con un altro
45.40111446357341,10.949039592302926,"Vuoto, nulla..."
45.48424165969954,10.813231416598937,Prova con un altro
45.28401166434895,10.94643018142639,Prova con un altro
45.421267588841815,11.275785102080231,"Ritenta, sarai piu fortunato!"
45.29897852521938,11.011657262256383,Qua non c e niente
45.44667761632088,10.97232822195201,"Vuoto, nulla..."
45.47508887951304,10.971830218544955,No no
45.28722678255386,10.942748080280879,Prova con un altro
45.37012296081572,11.089423848573881,"Ritenta, sarai piu fortunato!"
45.45614897506029,11.021200385030449,Qua non c e un bel niente!
45.433614395088846,10.97386086982728,"Vuoto, nulla..."
45.314031214464954,10.795123773038165,Qua non c e niente
45.44721670227221,10.992587945551705,Qua non c e niente
45.4496852421441,10.9580150523942,No no
45.431503972921625,10.984139668839779,No no
45.49191382782437,11.057664342282061,Qua non c e un bel niente!
45.43489090197776,11.095928134443584,Prova con un altro
45.44861355844139,10.78196052591062,No no
45.47961830065753,11.118212137124805,Prova con un altro
45.39960788939489,11.023851520620726,Nessun indizio qua!
45.40605995680244,10.968496364047983,Prova con un altro
45.44421156607963,10.973583457113802,Qua non c e niente
45.44193841808674,11.061083002175698,"Vuoto, nulla..."
45.516649558672334,10.987669428319872,No no
45.46656290556876,10.995520901599743,"Ritenta, sarai piu fortunato!"
45.47653070180765,10.9881993981204,Prova con un altro
45.43823454219851,11.114837049072278,Qua non c e niente
45.461846453969834,10.979803556356503,"Vuoto, nulla..."
45.51503740710771,10.99534435273327,Nessun indizio qua!
45.495543188994525,10.846840995933647,No no
45.56992645413705,10.79089796764094,Qua non c e niente
45.47080950573721,10.95982137556465,Qua non c e niente
45.476100399717474,10.929862116980797,Nessun indizio qua!
45.62667683693449,11.116176773678069,Nessun indizio qua!
45.562531220385694,10.975373073370246,Prova con un altro
45.36599692062195,10.924605536080874,No no
45.45187122164775,11.02914563675981,No no
45.417808850809315,10.882817585843199,"Vuoto, nulla..."
45.51090364415107,10.939097597235579,Qua non c e un bel niente!
45.533953802939976,11.02028173720977,No no
45.48305188062714,11.083871721017378,"Vuoto, nulla..."
45.47995220227474,10.910163602190162,No no
45.50562437535493,10.974150606350609,No no
45.37600152761674,11.026063753224784,Nessun indizio qua!
45.31680523426774,10.987600622354918,"Ritenta, sarai piu fortunato!"
45.45623693725096,10.954112117198013,"Vuoto, nulla..."
45.45153807931472,10.956400461312056,Qua non c e un bel niente!
45.418173910017984,10.920659744399977,Qua non c e niente
45.37529444065292,11.090495029560586,Qua non c e niente
45.28291319465329,11.006879791900612,Qua non c e niente
45.381631538026184,10.84496715447998,Qua non c e niente
45.43710363269706,10.983919221917098,Qua non c e un bel niente!
45.63742709635327,10.937402260695585,Prova con un altro
45.449061913452546,10.941081945813142,"Ritenta, sarai piu fortunato!"
45.49913901723723,10.898239794137766,Qua non c e niente
45.52550028819928,10.847763597777764,Qua non c e niente
45.447415212958276,10.976865358142188,"Vuoto, nulla..."
45.392557098100916,10.845718145133734,Qua non c e un bel niente!
45.5139637884036,11.007770760542407,No no
45.37489953007447,11.023476764253056,"Vuoto, nulla..."
45.38378088316891,11.036070097949905,"Vuoto, nulla..."
45.38040245569828,10.91559974322124,"Ritenta, sarai piu fortunato!"
45.33800949630903,10.995274151569179,Qua non c e un bel niente!
45.511134950036684,11.26958224616817,No no
45.40255186328099,10.916360707535905,"Ritenta, sarai piu fortunato!"
45.531008370139176,11.010990872944511,No no
45.333567213904466,11.111244932457339,Prova con un altro
45.428719092791624,10.93755969507213,No no
45.40292065503913,11.022086352255597,Nessun indizio qua!
45.47846399699312,11.23116561800923,Nessun indizio qua!
45.47402063711663,11.260511071969816,No no
45.41571777763315,11.145170932533185,"Ritenta, sarai piu fortunato!"
45.314135187758225,10.799791856472568,Nessun indizio qua!
45.39155359941291,10.859875823847963,Qua non c e un bel niente!
45.48957490075558,10.914740170174014,Prova con un altro
45.40847962604682,10.957127142658539,Nessun indizio qua!
45.23743481702104,10.82780565169446,No no
45.40900961430657,11.031432424740352,Nessun indizio qua!
45.3827122359372,11.067602581494478,Qua non c e niente
45.2989983339086,10.91842843870706,Qua non c e niente
45.36684792764145,10.950573161632276,Nessun indizio qua!
45.38500064884734,10.805055009970658,Qua non c e niente
45.537314597822935,10.892414573729967,No no
45.564675292265136,10.943494868046686,Prova con un altro
45.54010962057522,11.021605149018146,"Vuoto, nulla..."
45.53803486622685,10.993141104921863,Qua non c e un bel niente!
45.497803403946804,10.89897004665641,Qua non c e un bel niente!
45.506954634532754,11.016841553840004,"Ritenta, sarai piu fortunato!"
45.27088314495702,10.90327779546968,"Ritenta, sarai piu fortunato!"
45.411621716598816,11.030430595436124,Prova con un altro
45.44114301579273,10.885695142218006,Qua non c e un bel niente!
45.37000394466359,11.05531671577917,No no
45.53055586133961,10.948429900706577,Qua non c e un bel niente!
45.39491298130526,10.762507379302884,Prova con un altro
45.4558440915389,11.07075407635381,"Vuoto, nulla..."
45.42507923180978,11.066876852696497,Prova con un altro
45.468177415603506,10.965157793520344,"Vuoto, nulla..."
45.441458622950734,10.955144180712068,"Ritenta, sarai piu fortunato!"
45.505447054963916,11.049685134275217,Nessun indizio qua!
45.49246401210361,11.085912058033466,"Ritenta, sarai piu fortunato!"
45.50018626976842,10.993102100181376,Qua non c e niente
45.51035716311049,10.826588369694136,No no
45.45144382930238,11.076702584614884,"Vuoto, nulla..."
45.436159241984825,10.65354700526807,Qua non c e niente
45.44542095629811,10.95640509459254,Qua non c e niente
45.41365526359617,10.947111417736194,"Ritenta, sarai piu fortunato!"
45.40232390901291,11.048194069158415,No no
45.50860247222838,11.141627142496612,Qua non c e un bel niente!
45.33425352812609,11.043775196204498,"Ritenta, sarai piu fortunato!"
45.44812828995446,10.960011488138546,No no
45.46013158341787,10.92824142841419,Prova con un altro
45.49995603020799,10.757206172264498,Qua non c e niente
45.43171820207828,10.85439443269924,No no
45.33276709028222,11.094917991689336,No no
45.53595082220713,10.692808575334992,"Vuoto, nulla..."
45.48555750347022,10.945363547376,Nessun indizio qua!
45.35130207434607,11.031618174954076,Prova con un altro
45.49832742895917,10.906720525526007,Qua non c e niente
45.44368155087648,10.853858916989983,No no
45.43014380211162,10.86187548591357,Qua non c e niente
45.507678256706946,11.034685048318345,Qua non c e niente
45.40317824341502,11.042379045542269,Qua non c e un bel niente!
45.48893760648199,10.901057076874638,"Vuoto, nulla..."
45.55170500017482,11.125816918722672,No no
45.39482558271981,11.061894293081481,No no
45.54575690788121,10.916960562182133,Qua non c e niente
45.42949173650059,10.980836687616662,Qua non c e un bel niente!
45.464151606674115,10.832177815909846,Qua non c e un bel niente!
45.38506936724655,11.169847231955986,"Vuoto, nulla..."
45.470529002295784,10.906363112810888,Qua non c e un bel niente!
45.47161924218493,10.924280410402352,No no
45.37028030700847,10.675913456567294,"Vuoto, nulla..."
45.470036389126925,10.99670557879868,Qua non c e niente
45.5142132251065,10.859932510795407,Nessun indizio qua!
45.587288068418275,10.95010288876314,Nessun indizio qua!
45.529903160961325,11.00571941609741,Qua non c e niente
45.47432584921806,10.923759525717237,Prova con un altro
45.59227778654041,10.855928467545294,"Ritenta, sarai piu fortunato!"
45.46552728057978,10.995104663778415,Qua non c e niente
45.472113524243056,10.790238642915643,No no
45.52435956677324,10.904597317659341,No no
45.39692015037586,11.12622109930493,Prova con un altro
45.41743164703432,10.992239635179502,Nessun indizio qua!
45.348967074205675,10.893976065990625,"Vuoto, nulla..."
45.499655419193374,10.810514605097696,Prova con un altro
45.46205573751582,10.965054194866019,Prova con un altro
45.44541865256115,10.946743086517307,No no
45.40349649598735,11.03301925813118,Prova con un altro
45.420935494892255,10.845523204041225,"Vuoto, nulla..."
45.40533385929615,10.898530856766863,Nessun indizio qua!
45.558098429832896,10.733834695785795,"Ritenta, sarai piu fortunato!"
45.44866748525447,10.952750779965854,"Vuoto, nulla..."
45.51982034655857,11.093679535063881,No no
45.44864598845502,10.959186201313022,"Ritenta, sarai piu fortunato!"
45.45333127288164,11.004662227496508,No no
45.46918377192241,10.895513232061916,"Vuoto, nulla..."
45.386700105921015,11.034707037488817,Qua non c e niente
45.48526543068086,11.12288410834598,Qua non c e niente
45.65809360240627,11.025373500523955,Nessun indizio qua!
45.504642491666445,11.037075397021908,Qua non c e un bel niente!
